,precision,recall,f1-score,support
100_Aconitum_ferox,1.0,0.99,0.9949748743718593,100.0
10_Calotropis_procera,0.4583333333333333,0.66,0.5409836065573771,100.0
11_Calotropis_gigantea,0.4,0.12,0.18461538461538463,100.0
12_Withania_somnifera,0.972972972972973,0.36,0.5255474452554745,100.0
13_Saraca_asoca,1.0,0.66,0.7951807228915663,100.0
14_Aconitum_heterophyllum,1.0,1.0,1.0,100.0
15_Psoralea_corylifolia,0.9420289855072463,0.65,0.7692307692307693,100.0
16_Abutilon_indicum,0.8823529411764706,0.6,0.7142857142857143,100.0
17_Sida_cordifolia,0.8478260869565217,0.39,0.5342465753424658,100.0
19_Clerodendrum_serratum,0.88,0.7333333333333333,0.8,30.0
1_Aquilaria_agallocha,0.0,0.0,0.0,0.0
20_Pterocarpus_marsupium,0.0,0.0,0.0,0.0
21_Aegle_marmelos,0.0,0.0,0.0,0.0
22_Bacopa_monnieri,0.0,0.0,0.0,0.0
23_Solanum_indicum,0.0,0.0,0.0,0.0
24_Santalum_album,0.0,0.0,0.0,0.0
25_Pterocarpus_santalinus,0.0,0.0,0.0,0.0
26_Plumbago_zeylanica,0.0,0.0,0.0,0.0
27_Punica_granatum,0.0,0.0,0.0,0.0
28_Cedrus_deodara,0.0,0.0,0.0,0.0
29_Woodfordia_fruticosa,0.0,0.0,0.0,0.0
2_Clerodendrum_phlomidis,0.0,0.0,0.0,0.0
30_Cynodon_dactylon,0.0,0.0,0.0,0.0
31_Elettaria_cardamomum,0.0,0.0,0.0,0.0
32_Amomum_subulatum,0.0,0.0,0.0,0.0
33_Ricinus_communis,0.0,0.0,0.0,0.0
34_Gmelina_arborea,0.0,0.0,0.0,0.0
35_Tribulus_terrestris,0.0,0.0,0.0,0.0
36_Tinospora_cordifolia,0.0,0.0,0.0,0.0
37_Commiphora_mukul,0.0,0.0,0.0,0.0
38_Curcuma_longa,0.0,0.0,0.0,0.0
39_Berberis_aristata,0.0,0.0,0.0,0.0
40_Terminalia_chebula,0.0,0.0,0.0,0.0
42_Syzygium_cumini,0.0,0.0,0.0,0.0
43_Nardostachys_jatamansi,0.0,0.0,0.0,0.0
44_Myristica_fragrans,0.0,0.0,0.0,0.0
46_Cuminum_cyminum,0.0,0.0,0.0,0.0
47_Celastrus_paniculatus,0.0,0.0,0.0,0.0
48_Andrographis_paniculata,0.0,0.0,0.0,0.0
49_Mallotus_philippensis,0.0,0.0,0.0,0.0
4_Papaver_somniferum,0.0,0.0,0.0,0.0
50_Bauhinia_variegata,0.0,0.0,0.0,0.0
51_Solanum_surattense,0.0,0.0,0.0,0.0
52_Mucuna_pruriens,0.0,0.0,0.0,0.0
54_Cinnamomum_camphora,0.0,0.0,0.0,0.0
55_Picrorhiza_kurroa,0.0,0.0,0.0,0.0
56_Acacia_catechu,0.0,0.0,0.0,0.0
58_Aloe_vera,0.0,0.0,0.0,0.0
59_Crocus_sativus,0.0,0.0,0.0,0.0
5_Emblica_officinalis,0.0,0.0,0.0,0.0
60_Strychnos_nux-vomica,0.0,0.0,0.0,0.0
61_Saussurea_lappa,0.0,0.0,0.0,0.0
62_Holarrhena_antidysenterica,0.0,0.0,0.0,0.0
63_Syzygium_aromaticum,0.0,0.0,0.0,0.0
64_Symplocos_racemosa,0.0,0.0,0.0,0.0
65_Randia_spinosa,0.0,0.0,0.0,0.0
66_Centella_asiatica,0.0,0.0,0.0,0.0
67_Rubia_cordifolia,0.0,0.0,0.0,0.0
68_Piper_nigrum,0.0,0.0,0.0,0.0
69_Cyperus_rotundus,0.0,0.0,0.0,0.0
6_Achyranthes_aspera,0.0,0.0,0.0,0.0
70_Vitex_negundo,0.0,0.0,0.0,0.0
71_Butea_monosperma,0.0,0.0,0.0,0.0
72_Fumaria_vaillantii,0.0,0.0,0.0,0.0
73_Bergenia_ligulata,0.0,0.0,0.0,0.0
74_Stereospermum_suaveolens,0.0,0.0,0.0,0.0
75_Piper_longum,0.0,0.0,0.0,0.0
76_Uraria_picta,0.0,0.0,0.0,0.0
77_Boerhavia_diffusa,0.0,0.0,0.0,0.0
78_Inula_racemosa,0.0,0.0,0.0,0.0
79_Pluchea_lanceolata,0.0,0.0,0.0,0.0
7_Cassia_fistula,0.0,0.0,0.0,0.0
80_Barleria_prionitis,0.0,0.0,0.0,0.0
81_Hemidesmus_indicus,0.0,0.0,0.0,0.0
82_Cryptolepis_buchanani,0.0,0.0,0.0,0.0
83_Rauvolfia_serpentina,0.0,0.0,0.0,0.0
84_Desmodium_gangeticum,0.0,0.0,0.0,0.0
85_Boswellia_serrata,0.0,0.0,0.0,0.0
86_Bombax_ceiba,0.0,0.0,0.0,0.0
87_Convolvulus_pluricaulis,0.0,0.0,0.0,0.0
88_Asparagus_racemosus,0.0,0.0,0.0,0.0
89_Moringa_oleifera,0.0,0.0,0.0,0.0
8_Zingiber_officinale,0.0,0.0,0.0,0.0
90_Albizia_lebbeck,0.0,0.0,0.0,0.0
91_Oroxylum_indicum,0.0,0.0,0.0,0.0
93_Sesamum_indicum,0.0,0.0,0.0,0.0
94_Operculina_turpethum,0.0,0.0,0.0,0.0
95_Ocimum_sanctum,0.0,0.0,0.0,0.0
96_Cinnamomum_zeylanicum,0.0,0.0,0.0,0.0
97_Vetiveria_zizanioides,0.0,0.0,0.0,0.0
98_Acorus_calamus,0.0,0.0,0.0,0.0
99_Dioscorea_bulbifera,0.0,0.0,0.0,0.0
9_Terminalia_arjuna,0.0,0.0,0.0,0.0
accuracy,0.6075268817204301,0.6075268817204301,0.6075268817204301,0.6075268817204301
macro avg,0.09014531526824243,0.06627240143369176,0.07375338809194207,930.0
weighted avg,0.8352165935426392,0.6075268817204301,0.6773188271559797,930.0
